{
  "table_of_contents": [
    {
      "title": "December 16, 2024\nMachine Learning",
      "heading_level": null,
      "page_id": 0,
      "polygon": [
        [
          79.759765625,
          135.67626953125
        ],
        [
          97.849609375,
          135.67626953125
        ],
        [
          97.849609375,
          467.4464060529634
        ],
        [
          79.759765625,
          467.4464060529634
        ]
      ]
    },
    {
      "title": "EXERCISE 1",
      "heading_level": null,
      "page_id": 0,
      "polygon": [
        [
          286.970703125,
          464.84374999999994
        ],
        [
          297.9269162210339,
          464.84374999999994
        ],
        [
          297.9269162210339,
          541.7276166456494
        ],
        [
          286.970703125,
          541.7276166456494
        ]
      ]
    },
    {
      "title": "EXERCISE 2",
      "heading_level": null,
      "page_id": 0,
      "polygon": [
        [
          437.5098039215687,
          465.42480468749994
        ],
        [
          449.779296875,
          465.42480468749994
        ],
        [
          450.2673796791444,
          541.7276166456494
        ],
        [
          439.7611408199644,
          541.7276166456494
        ]
      ]
    },
    {
      "title": "EXERCISE 3",
      "heading_level": null,
      "page_id": 0,
      "polygon": [
        [
          568.185546875,
          466.29638671874994
        ],
        [
          579.3440285204991,
          466.29638671874994
        ],
        [
          579.3440285204991,
          541.7276166456494
        ],
        [
          568.185546875,
          541.7276166456494
        ]
      ]
    }
  ],
  "page_stats": [
    {
      "page_id": 0,
      "text_extraction_method": "surya",
      "block_counts": [
        [
          "TableCell",
          132
        ],
        [
          "Line",
          76
        ],
        [
          "Span",
          42
        ],
        [
          "ListItem",
          10
        ],
        [
          "Text",
          5
        ],
        [
          "SectionHeader",
          4
        ],
        [
          "ListGroup",
          4
        ],
        [
          "Form",
          1
        ],
        [
          "Table",
          1
        ],
        [
          "Figure",
          1
        ]
      ],
      "block_metadata": {
        "llm_request_count": 0,
        "llm_error_count": 0,
        "llm_tokens_used": 0,
        "previous_text": "",
        "previous_type": "",
        "previous_order": 0
      }
    }
  ],
  "debug_data_path": "debug_data/exam_20241216"
}